PHI,Points_0,Points_1,Points_2,Points_Magnitude,arc_length,Point ID,vtkValidPointMask
0.0626854,24.75,0.02083,0,24.75,0,0,1
0.0683328,24.75,0.0218092,0,24.75,0.00097917,1,1
0.0739801,24.75,0.0227883,0,24.75,0.00195834,2,1
0.0796275,24.75,0.0237675,0,24.75,0.00293751,3,1
0.0852749,24.75,0.0247467,0,24.75,0.00391668,4,1
0.0909222,24.75,0.0257259,0,24.75,0.00489585,5,1
0.0965696,24.75,0.026705,0,24.75,0.00587502,6,1
0.102217,24.75,0.0276842,0,24.75,0.00685419,7,1
0.107864,24.75,0.0286634,0,24.75,0.00783336,8,1
0.113512,24.75,0.0296425,0,24.75,0.00881253,9,1
0.119159,24.75,0.0306217,0,24.75,0.0097917,10,1
0.124806,24.75,0.0316009,0,24.75,0.0107709,11,1
0.130454,24.75,0.03258,0,24.75,0.01175,12,1
0.136101,24.75,0.0335592,0,24.75,0.0127292,13,1
0.141748,24.75,0.0345384,0,24.75,0.0137084,14,1
0.147396,24.75,0.0355176,0,24.75,0.0146876,15,1
0.153043,24.75,0.0364967,0,24.75,0.0156667,16,1
0.158691,24.75,0.0374759,0,24.75,0.0166459,17,1
0.164338,24.75,0.0384551,0,24.75,0.0176251,18,1
0.169985,24.75,0.0394342,0,24.75,0.0186042,19,1
0.175633,24.75,0.0404134,0,24.75,0.0195834,20,1
0.18128,24.75,0.0413926,0,24.75,0.0205626,21,1
0.18675,24.75,0.0423717,0,24.75,0.0215417,22,1
0.19215,24.75,0.0433509,0,24.75,0.0225209,23,1
0.197551,24.75,0.0443301,0,24.75,0.0235001,24,1
0.202951,24.75,0.0453092,0,24.75,0.0244792,25,1
0.208352,24.75,0.0462884,0,24.75,0.0254584,26,1
0.213753,24.75,0.0472676,0,24.75,0.0264376,27,1
0.219153,24.75,0.0482468,0,24.75,0.0274168,28,1
0.224554,24.75,0.0492259,0,24.75,0.0283959,29,1
0.229954,24.75,0.0502051,0,24.7501,0.0293751,30,1
0.235355,24.75,0.0511843,0,24.7501,0.0303543,31,1
0.240755,24.75,0.0521634,0,24.7501,0.0313334,32,1
0.246156,24.75,0.0531426,0,24.7501,0.0323126,33,1
0.251557,24.75,0.0541218,0,24.7501,0.0332918,34,1
0.256957,24.75,0.055101,0,24.7501,0.0342709,35,1
0.262358,24.75,0.0560801,0,24.7501,0.0352501,36,1
0.267758,24.75,0.0570593,0,24.7501,0.0362293,37,1
0.273159,24.75,0.0580385,0,24.7501,0.0372085,38,1
0.27856,24.75,0.0590176,0,24.7501,0.0381876,39,1
0.28396,24.75,0.0599968,0,24.7501,0.0391668,40,1
0.289361,24.75,0.060976,0,24.7501,0.040146,41,1
0.294761,24.75,0.0619551,0,24.7501,0.0411251,42,1
0.300052,24.75,0.0629343,0,24.7501,0.0421043,43,1
0.305206,24.75,0.0639135,0,24.7501,0.0430835,44,1
0.31036,24.75,0.0648926,0,24.7501,0.0440627,45,1
0.315514,24.75,0.0658718,0,24.7501,0.0450418,46,1
0.320668,24.75,0.066851,0,24.7501,0.046021,47,1
0.325821,24.75,0.0678302,0,24.7501,0.0470002,48,1
0.330975,24.75,0.0688093,0,24.7501,0.0479793,49,1
0.336129,24.75,0.0697885,0,24.7501,0.0489585,50,1
0.341283,24.75,0.0707677,0,24.7501,0.0499377,51,1
0.346437,24.75,0.0717468,0,24.7501,0.0509168,52,1
0.35159,24.75,0.072726,0,24.7501,0.051896,53,1
0.356744,24.75,0.0737052,0,24.7501,0.0528752,54,1
0.361898,24.75,0.0746844,0,24.7501,0.0538544,55,1
0.367052,24.75,0.0756635,0,24.7501,0.0548335,56,1
0.372205,24.75,0.0766427,0,24.7501,0.0558127,57,1
0.377359,24.75,0.0776219,0,24.7501,0.0567919,58,1
0.382513,24.75,0.078601,0,24.7501,0.057771,59,1
0.387667,24.75,0.0795802,0,24.7501,0.0587502,60,1
0.392821,24.75,0.0805594,0,24.7501,0.0597294,61,1
0.397974,24.75,0.0815385,0,24.7501,0.0607085,62,1
0.403128,24.75,0.0825177,0,24.7501,0.0616877,63,1
0.408241,24.75,0.0834969,0,24.7501,0.0626669,64,1
0.413148,24.75,0.0844761,0,24.7501,0.0636461,65,1
0.418055,24.75,0.0854552,0,24.7501,0.0646252,66,1
0.422962,24.75,0.0864344,0,24.7502,0.0656044,67,1
0.427869,24.75,0.0874136,0,24.7502,0.0665836,68,1
0.432775,24.75,0.0883927,0,24.7502,0.0675627,69,1
0.437682,24.75,0.0893719,0,24.7502,0.0685419,70,1
0.442589,24.75,0.0903511,0,24.7502,0.0695211,71,1
0.447496,24.75,0.0913302,0,24.7502,0.0705002,72,1
0.452403,24.75,0.0923094,0,24.7502,0.0714794,73,1
0.45731,24.75,0.0932886,0,24.7502,0.0724586,74,1
0.462217,24.75,0.0942677,0,24.7502,0.0734378,75,1
0.467124,24.75,0.0952469,0,24.7502,0.0744169,76,1
0.472031,24.75,0.0962261,0,24.7502,0.0753961,77,1
0.476938,24.75,0.0972053,0,24.7502,0.0763753,78,1
0.481845,24.75,0.0981844,0,24.7502,0.0773544,79,1
0.486752,24.75,0.0991636,0,24.7502,0.0783336,80,1
0.491659,24.75,0.100143,0,24.7502,0.0793128,81,1
0.496566,24.75,0.101122,0,24.7502,0.0802919,82,1
0.501473,24.75,0.102101,0,24.7502,0.0812711,83,1
0.50638,24.75,0.10308,0,24.7502,0.0822503,84,1
0.511287,24.75,0.104059,0,24.7502,0.0832295,85,1
0.515974,24.75,0.105039,0,24.7502,0.0842086,86,1
0.520634,24.75,0.106018,0,24.7502,0.0851878,87,1
0.525295,24.75,0.106997,0,24.7502,0.086167,88,1
0.529955,24.75,0.107976,0,24.7502,0.0871461,89,1
0.534616,24.75,0.108955,0,24.7502,0.0881253,90,1
0.539276,24.75,0.109934,0,24.7502,0.0891045,91,1
0.543936,24.75,0.110914,0,24.7502,0.0900836,92,1
0.548597,24.75,0.111893,0,24.7503,0.0910628,93,1
0.553257,24.75,0.112872,0,24.7503,0.092042,94,1
0.557917,24.75,0.113851,0,24.7503,0.0930212,95,1
0.562578,24.75,0.11483,0,24.7503,0.0940003,96,1
0.567238,24.75,0.115809,0,24.7503,0.0949795,97,1
0.571899,24.75,0.116789,0,24.7503,0.0959587,98,1
0.576559,24.75,0.117768,0,24.7503,0.0969378,99,1
0.581219,24.75,0.118747,0,24.7503,0.097917,100,1
0.58588,24.75,0.119726,0,24.7503,0.0988962,101,1
0.59054,24.75,0.120705,0,24.7503,0.0998753,102,1
0.5952,24.75,0.121685,0,24.7503,0.100855,103,1
0.599861,24.75,0.122664,0,24.7503,0.101834,104,1
0.604521,24.75,0.123643,0,24.7503,0.102813,105,1
0.609181,24.75,0.124622,0,24.7503,0.103792,106,1
0.61369,24.75,0.125601,0,24.7503,0.104771,107,1
0.618104,24.75,0.12658,0,24.7503,0.10575,108,1
0.622518,24.75,0.12756,0,24.7503,0.10673,109,1
0.626931,24.75,0.128539,0,24.7503,0.107709,110,1
0.631345,24.75,0.129518,0,24.7503,0.108688,111,1
0.635759,24.75,0.130497,0,24.7503,0.109667,112,1
0.640173,24.75,0.131476,0,24.7503,0.110646,113,1
0.644586,24.75,0.132455,0,24.7504,0.111625,114,1
0.649,24.75,0.133435,0,24.7504,0.112605,115,1
0.653414,24.75,0.134414,0,24.7504,0.113584,116,1
0.657827,24.75,0.135393,0,24.7504,0.114563,117,1
0.662241,24.75,0.136372,0,24.7504,0.115542,118,1
0.666655,24.75,0.137351,0,24.7504,0.116521,119,1
0.671068,24.75,0.13833,0,24.7504,0.1175,120,1
0.675482,24.75,0.13931,0,24.7504,0.11848,121,1
0.679896,24.75,0.140289,0,24.7504,0.119459,122,1
0.684309,24.75,0.141268,0,24.7504,0.120438,123,1
0.688723,24.75,0.142247,0,24.7504,0.121417,124,1
0.693137,24.75,0.143226,0,24.7504,0.122396,125,1
0.697551,24.75,0.144205,0,24.7504,0.123375,126,1
0.701964,24.75,0.145185,0,24.7504,0.124355,127,1
0.706295,24.75,0.146164,0,24.7504,0.125334,128,1
0.710461,24.75,0.147143,0,24.7504,0.126313,129,1
0.714628,24.75,0.148122,0,24.7504,0.127292,130,1
0.718795,24.75,0.149101,0,24.7504,0.128271,131,1
0.722962,24.75,0.15008,0,24.7505,0.12925,132,1
0.727129,24.75,0.15106,0,24.7505,0.13023,133,1
0.731296,24.75,0.152039,0,24.7505,0.131209,134,1
0.735463,24.75,0.153018,0,24.7505,0.132188,135,1
0.73963,24.75,0.153997,0,24.7505,0.133167,136,1
0.743796,24.75,0.154976,0,24.7505,0.134146,137,1
0.747963,24.75,0.155955,0,24.7505,0.135125,138,1
0.75213,24.75,0.156935,0,24.7505,0.136105,139,1
0.756297,24.75,0.157914,0,24.7505,0.137084,140,1
0.760464,24.75,0.158893,0,24.7505,0.138063,141,1
0.764631,24.75,0.159872,0,24.7505,0.139042,142,1
0.768798,24.75,0.160851,0,24.7505,0.140021,143,1
0.772965,24.75,0.16183,0,24.7505,0.141,144,1
0.777131,24.75,0.16281,0,24.7505,0.14198,145,1
0.781298,24.75,0.163789,0,24.7505,0.142959,146,1
0.785465,24.75,0.164768,0,24.7505,0.143938,147,1
0.789632,24.75,0.165747,0,24.7506,0.144917,148,1
0.793784,24.75,0.166726,0,24.7506,0.145896,149,1
0.797705,24.75,0.167706,0,24.7506,0.146876,150,1
0.801625,24.75,0.168685,0,24.7506,0.147855,151,1
0.805545,24.75,0.169664,0,24.7506,0.148834,152,1
0.809466,24.75,0.170643,0,24.7506,0.149813,153,1
0.813386,24.75,0.171622,0,24.7506,0.150792,154,1
0.817307,24.75,0.172601,0,24.7506,0.151771,155,1
0.821227,24.75,0.173581,0,24.7506,0.152751,156,1
0.825148,24.75,0.17456,0,24.7506,0.15373,157,1
0.829068,24.75,0.175539,0,24.7506,0.154709,158,1
0.832989,24.75,0.176518,0,24.7506,0.155688,159,1
0.836909,24.75,0.177497,0,24.7506,0.156667,160,1
0.84083,24.75,0.178476,0,24.7506,0.157646,161,1
0.84475,24.75,0.179456,0,24.7507,0.158626,162,1
0.84867,24.75,0.180435,0,24.7507,0.159605,163,1
0.852591,24.75,0.181414,0,24.7507,0.160584,164,1
0.856511,24.75,0.182393,0,24.7507,0.161563,165,1
0.860432,24.75,0.183372,0,24.7507,0.162542,166,1
0.864352,24.75,0.184351,0,24.7507,0.163521,167,1
0.868273,24.75,0.185331,0,24.7507,0.164501,168,1
0.872193,24.75,0.18631,0,24.7507,0.16548,169,1
0.876114,24.75,0.187289,0,24.7507,0.166459,170,1
0.879841,24.75,0.188268,0,24.7507,0.167438,171,1
0.883515,24.75,0.189247,0,24.7507,0.168417,172,1
0.887189,24.75,0.190226,0,24.7507,0.169396,173,1
0.890863,24.75,0.191206,0,24.7507,0.170376,174,1
0.894537,24.75,0.192185,0,24.7507,0.171355,175,1
0.898211,24.75,0.193164,0,24.7508,0.172334,176,1
0.901885,24.75,0.194143,0,24.7508,0.173313,177,1
0.905559,24.75,0.195122,0,24.7508,0.174292,178,1
0.909233,24.75,0.196101,0,24.7508,0.175271,179,1
0.912907,24.75,0.197081,0,24.7508,0.176251,180,1
0.916581,24.75,0.19806,0,24.7508,0.17723,181,1
0.920255,24.75,0.199039,0,24.7508,0.178209,182,1
0.923929,24.75,0.200018,0,24.7508,0.179188,183,1
0.927603,24.75,0.200997,0,24.7508,0.180167,184,1
0.931277,24.75,0.201976,0,24.7508,0.181146,185,1
0.934951,24.75,0.202956,0,24.7508,0.182126,186,1
0.938625,24.75,0.203935,0,24.7508,0.183105,187,1
0.942299,24.75,0.204914,0,24.7508,0.184084,188,1
0.945973,24.75,0.205893,0,24.7509,0.185063,189,1
0.949647,24.75,0.206872,0,24.7509,0.186042,190,1
0.953321,24.75,0.207851,0,24.7509,0.187021,191,1
0.956869,24.75,0.208831,0,24.7509,0.188001,192,1
0.960297,24.75,0.20981,0,24.7509,0.18898,193,1
0.963724,24.75,0.210789,0,24.7509,0.189959,194,1
0.967152,24.75,0.211768,0,24.7509,0.190938,195,1
0.970579,24.75,0.212747,0,24.7509,0.191917,196,1
0.974007,24.75,0.213726,0,24.7509,0.192896,197,1
0.977434,24.75,0.214706,0,24.7509,0.193876,198,1
0.980862,24.75,0.215685,0,24.7509,0.194855,199,1
0.984289,24.75,0.216664,0,24.7509,0.195834,200,1
0.987717,24.75,0.217643,0,24.751,0.196813,201,1
0.991144,24.75,0.218622,0,24.751,0.197792,202,1
0.994572,24.75,0.219602,0,24.751,0.198772,203,1
0.997999,24.75,0.220581,0,24.751,0.199751,204,1
1.00143,24.75,0.22156,0,24.751,0.20073,205,1
1.00485,24.75,0.222539,0,24.751,0.201709,206,1
1.00828,24.75,0.223518,0,24.751,0.202688,207,1
1.01171,24.75,0.224497,0,24.751,0.203667,208,1
1.01514,24.75,0.225477,0,24.751,0.204647,209,1
1.01856,24.75,0.226456,0,24.751,0.205626,210,1
1.02199,24.75,0.227435,0,24.751,0.206605,211,1
1.02542,24.75,0.228414,0,24.7511,0.207584,212,1
1.02879,24.75,0.229393,0,24.7511,0.208563,213,1
1.03197,24.75,0.230372,0,24.7511,0.209542,214,1
1.03515,24.75,0.231352,0,24.7511,0.210522,215,1
1.03833,24.75,0.232331,0,24.7511,0.211501,216,1
1.04151,24.75,0.23331,0,24.7511,0.21248,217,1
1.0447,24.75,0.234289,0,24.7511,0.213459,218,1
1.04788,24.75,0.235268,0,24.7511,0.214438,219,1
1.05106,24.75,0.236247,0,24.7511,0.215417,220,1
1.05424,24.75,0.237227,0,24.7511,0.216397,221,1
1.05742,24.75,0.238206,0,24.7511,0.217376,222,1
1.0606,24.75,0.239185,0,24.7512,0.218355,223,1
1.06378,24.75,0.240164,0,24.7512,0.219334,224,1
1.06696,24.75,0.241143,0,24.7512,0.220313,225,1
1.07015,24.75,0.242122,0,24.7512,0.221292,226,1
1.07333,24.75,0.243102,0,24.7512,0.222272,227,1
1.07651,24.75,0.244081,0,24.7512,0.223251,228,1
1.07969,24.75,0.24506,0,24.7512,0.22423,229,1
1.08287,24.75,0.246039,0,24.7512,0.225209,230,1
1.08605,24.75,0.247018,0,24.7512,0.226188,231,1
1.08923,24.75,0.247997,0,24.7512,0.227167,232,1
1.09241,24.75,0.248977,0,24.7513,0.228147,233,1
1.0956,24.75,0.249956,0,24.7513,0.229126,234,1
1.09854,24.75,0.250935,0,24.7513,0.230105,235,1
1.10148,24.75,0.251914,0,24.7513,0.231084,236,1
1.10441,24.75,0.252893,0,24.7513,0.232063,237,1
1.10735,24.75,0.253872,0,24.7513,0.233042,238,1
1.11028,24.75,0.254852,0,24.7513,0.234022,239,1
1.11322,24.75,0.255831,0,24.7513,0.235001,240,1
1.11615,24.75,0.25681,0,24.7513,0.23598,241,1
1.11909,24.75,0.257789,0,24.7513,0.236959,242,1
1.12202,24.75,0.258768,0,24.7514,0.237938,243,1
1.12496,24.75,0.259747,0,24.7514,0.238917,244,1
1.12789,24.75,0.260727,0,24.7514,0.239897,245,1
1.13083,24.75,0.261706,0,24.7514,0.240876,246,1
1.13377,24.75,0.262685,0,24.7514,0.241855,247,1
1.1367,24.75,0.263664,0,24.7514,0.242834,248,1
1.13964,24.75,0.264643,0,24.7514,0.243813,249,1
1.14257,24.75,0.265622,0,24.7514,0.244792,250,1
1.14551,24.75,0.266602,0,24.7514,0.245772,251,1
1.14844,24.75,0.267581,0,24.7514,0.246751,252,1
1.15138,24.75,0.26856,0,24.7515,0.24773,253,1
1.15431,24.75,0.269539,0,24.7515,0.248709,254,1
1.15725,24.75,0.270518,0,24.7515,0.249688,255,1
1.16002,24.75,0.271498,0,24.7515,0.250668,256,1
1.1627,24.75,0.272477,0,24.7515,0.251647,257,1
1.16539,24.75,0.273456,0,24.7515,0.252626,258,1
1.16808,24.75,0.274435,0,24.7515,0.253605,259,1
1.17077,24.75,0.275414,0,24.7515,0.254584,260,1
1.17346,24.75,0.276393,0,24.7515,0.255563,261,1
1.17615,24.75,0.277373,0,24.7516,0.256543,262,1
1.17884,24.75,0.278352,0,24.7516,0.257522,263,1
1.18153,24.75,0.279331,0,24.7516,0.258501,264,1
1.18422,24.75,0.28031,0,24.7516,0.25948,265,1
1.18691,24.75,0.281289,0,24.7516,0.260459,266,1
1.1896,24.75,0.282268,0,24.7516,0.261438,267,1
1.19229,24.75,0.283248,0,24.7516,0.262418,268,1
1.19498,24.75,0.284227,0,24.7516,0.263397,269,1
1.19766,24.75,0.285206,0,24.7516,0.264376,270,1
1.20035,24.75,0.286185,0,24.7517,0.265355,271,1
1.20304,24.75,0.287164,0,24.7517,0.266334,272,1
1.20573,24.75,0.288143,0,24.7517,0.267313,273,1
1.20842,24.75,0.289123,0,24.7517,0.268293,274,1
1.21111,24.75,0.290102,0,24.7517,0.269272,275,1
1.2138,24.75,0.291081,0,24.7517,0.270251,276,1
1.21639,24.75,0.29206,0,24.7517,0.27123,277,1
1.21883,24.75,0.293039,0,24.7517,0.272209,278,1
1.22128,24.75,0.294018,0,24.7517,0.273188,279,1
1.22372,24.75,0.294998,0,24.7518,0.274168,280,1
1.22617,24.75,0.295977,0,24.7518,0.275147,281,1
1.22861,24.75,0.296956,0,24.7518,0.276126,282,1
1.23105,24.75,0.297935,0,24.7518,0.277105,283,1
1.2335,24.75,0.298914,0,24.7518,0.278084,284,1
1.23594,24.75,0.299893,0,24.7518,0.279063,285,1
1.23839,24.75,0.300873,0,24.7518,0.280043,286,1
1.24083,24.75,0.301852,0,24.7518,0.281022,287,1
1.24327,24.75,0.302831,0,24.7519,0.282001,288,1
1.24572,24.75,0.30381,0,24.7519,0.28298,289,1
1.24816,24.75,0.304789,0,24.7519,0.283959,290,1
1.2506,24.75,0.305768,0,24.7519,0.284938,291,1
1.25305,24.75,0.306748,0,24.7519,0.285918,292,1
1.25549,24.75,0.307727,0,24.7519,0.286897,293,1
1.25794,24.75,0.308706,0,24.7519,0.287876,294,1
1.26038,24.75,0.309685,0,24.7519,0.288855,295,1
1.26282,24.75,0.310664,0,24.7519,0.289834,296,1
1.26527,24.75,0.311643,0,24.752,0.290813,297,1
1.26768,24.75,0.312623,0,24.752,0.291793,298,1
1.26988,24.75,0.313602,0,24.752,0.292772,299,1
1.27208,24.75,0.314581,0,24.752,0.293751,300,1
1.27427,24.75,0.31556,0,24.752,0.29473,301,1
1.27647,24.75,0.316539,0,24.752,0.295709,302,1
1.27867,24.75,0.317519,0,24.752,0.296688,303,1
1.28087,24.75,0.318498,0,24.752,0.297668,304,1
1.28307,24.75,0.319477,0,24.7521,0.298647,305,1
1.28526,24.75,0.320456,0,24.7521,0.299626,306,1
1.28746,24.75,0.321435,0,24.7521,0.300605,307,1
1.28966,24.75,0.322414,0,24.7521,0.301584,308,1
1.29186,24.75,0.323394,0,24.7521,0.302564,309,1
1.29406,24.75,0.324373,0,24.7521,0.303543,310,1
1.29625,24.75,0.325352,0,24.7521,0.304522,311,1
1.29845,24.75,0.326331,0,24.7522,0.305501,312,1
1.30065,24.75,0.32731,0,24.7522,0.30648,313,1
1.30285,24.75,0.328289,0,24.7522,0.307459,314,1
1.30505,24.75,0.329269,0,24.7522,0.308439,315,1
1.30724,24.75,0.330248,0,24.7522,0.309418,316,1
1.30944,24.75,0.331227,0,24.7522,0.310397,317,1
1.31164,24.75,0.332206,0,24.7522,0.311376,318,1
1.31384,24.75,0.333185,0,24.7522,0.312355,319,1
1.31583,24.75,0.334164,0,24.7523,0.313334,320,1
1.31778,24.75,0.335144,0,24.7523,0.314314,321,1
1.31973,24.75,0.336123,0,24.7523,0.315293,322,1
1.32169,24.75,0.337102,0,24.7523,0.316272,323,1
1.32364,24.75,0.338081,0,24.7523,0.317251,324,1
1.32559,24.75,0.33906,0,24.7523,0.31823,325,1
1.32755,24.75,0.340039,0,24.7523,0.319209,326,1
1.3295,24.75,0.341019,0,24.7523,0.320189,327,1
1.33145,24.75,0.341998,0,24.7524,0.321168,328,1
1.33341,24.75,0.342977,0,24.7524,0.322147,329,1
1.33536,24.75,0.343956,0,24.7524,0.323126,330,1
1.33731,24.75,0.344935,0,24.7524,0.324105,331,1
1.33926,24.75,0.345914,0,24.7524,0.325084,332,1
1.34122,24.75,0.346894,0,24.7524,0.326064,333,1
1.34317,24.75,0.347873,0,24.7524,0.327043,334,1
1.34512,24.75,0.348852,0,24.7525,0.328022,335,1
1.34708,24.75,0.349831,0,24.7525,0.329001,336,1
1.34903,24.75,0.35081,0,24.7525,0.32998,337,1
1.35098,24.75,0.351789,0,24.7525,0.330959,338,1
1.35294,24.75,0.352769,0,24.7525,0.331939,339,1
1.35489,24.75,0.353748,0,24.7525,0.332918,340,1
1.3567,24.75,0.354727,0,24.7525,0.333897,341,1
1.35841,24.75,0.355706,0,24.7526,0.334876,342,1
1.36012,24.75,0.356685,0,24.7526,0.335855,343,1
1.36183,24.75,0.357664,0,24.7526,0.336834,344,1
1.36353,24.75,0.358644,0,24.7526,0.337814,345,1
1.36524,24.75,0.359623,0,24.7526,0.338793,346,1
1.36695,24.75,0.360602,0,24.7526,0.339772,347,1
1.36866,24.75,0.361581,0,24.7526,0.340751,348,1
1.37037,24.75,0.36256,0,24.7527,0.34173,349,1
1.37208,24.75,0.363539,0,24.7527,0.342709,350,1
1.37378,24.75,0.364519,0,24.7527,0.343689,351,1
1.37549,24.75,0.365498,0,24.7527,0.344668,352,1
1.3772,24.75,0.366477,0,24.7527,0.345647,353,1
1.37891,24.75,0.367456,0,24.7527,0.346626,354,1
1.38062,24.75,0.368435,0,24.7527,0.347605,355,1
1.38233,24.75,0.369415,0,24.7528,0.348585,356,1
1.38403,24.75,0.370394,0,24.7528,0.349564,357,1
1.38574,24.75,0.371373,0,24.7528,0.350543,358,1
1.38745,24.75,0.372352,0,24.7528,0.351522,359,1
1.38916,24.75,0.373331,0,24.7528,0.352501,360,1
1.39087,24.75,0.37431,0,24.7528,0.35348,361,1
1.3925,24.75,0.37529,0,24.7528,0.35446,362,1
1.39397,24.75,0.376269,0,24.7529,0.355439,363,1
1.39543,24.75,0.377248,0,24.7529,0.356418,364,1
1.39689,24.75,0.378227,0,24.7529,0.357397,365,1
1.39836,24.75,0.379206,0,24.7529,0.358376,366,1
1.39982,24.75,0.380185,0,24.7529,0.359355,367,1
1.40128,24.75,0.381165,0,24.7529,0.360335,368,1
1.40275,24.75,0.382144,0,24.753,0.361314,369,1
1.40421,24.75,0.383123,0,24.753,0.362293,370,1
1.40567,24.75,0.384102,0,24.753,0.363272,371,1
1.40714,24.75,0.385081,0,24.753,0.364251,372,1
1.4086,24.75,0.38606,0,24.753,0.36523,373,1
1.41006,24.75,0.38704,0,24.753,0.36621,374,1
1.41153,24.75,0.388019,0,24.753,0.367189,375,1
1.41299,24.75,0.388998,0,24.7531,0.368168,376,1
1.41445,24.75,0.389977,0,24.7531,0.369147,377,1
1.41592,24.75,0.390956,0,24.7531,0.370126,378,1
1.41738,24.75,0.391935,0,24.7531,0.371105,379,1
1.41884,24.75,0.392915,0,24.7531,0.372085,380,1
1.42031,24.75,0.393894,0,24.7531,0.373064,381,1
1.42177,24.75,0.394873,0,24.7531,0.374043,382,1
1.42323,24.75,0.395852,0,24.7532,0.375022,383,1
1.42445,24.75,0.396831,0,24.7532,0.376001,384,1
1.42567,24.75,0.39781,0,24.7532,0.37698,385,1
1.42689,24.75,0.39879,0,24.7532,0.37796,386,1
1.42811,24.75,0.399769,0,24.7532,0.378939,387,1
1.42932,24.75,0.400748,0,24.7532,0.379918,388,1
1.43054,24.75,0.401727,0,24.7533,0.380897,389,1
1.43176,24.75,0.402706,0,24.7533,0.381876,390,1
1.43298,24.75,0.403685,0,24.7533,0.382855,391,1
1.4342,24.75,0.404665,0,24.7533,0.383835,392,1
1.43542,24.75,0.405644,0,24.7533,0.384814,393,1
1.43664,24.75,0.406623,0,24.7533,0.385793,394,1
1.43786,24.75,0.407602,0,24.7534,0.386772,395,1
1.43908,24.75,0.408581,0,24.7534,0.387751,396,1
1.4403,24.75,0.409561,0,24.7534,0.38873,397,1
1.44152,24.75,0.41054,0,24.7534,0.38971,398,1
1.44274,24.75,0.411519,0,24.7534,0.390689,399,1
1.44395,24.75,0.412498,0,24.7534,0.391668,400,1
1.44517,24.75,0.413477,0,24.7535,0.392647,401,1
1.44639,24.75,0.414456,0,24.7535,0.393626,402,1
1.44761,24.75,0.415436,0,24.7535,0.394606,403,1
1.44883,24.75,0.416415,0,24.7535,0.395585,404,1
1.44987,24.75,0.417394,0,24.7535,0.396564,405,1
1.45084,24.75,0.418373,0,24.7535,0.397543,406,1
1.45182,24.75,0.419352,0,24.7536,0.398522,407,1
1.45279,24.75,0.420331,0,24.7536,0.399501,408,1
1.45377,24.75,0.421311,0,24.7536,0.400481,409,1
1.45474,24.75,0.42229,0,24.7536,0.40146,410,1
1.45572,24.75,0.423269,0,24.7536,0.402439,411,1
1.45669,24.75,0.424248,0,24.7536,0.403418,412,1
1.45767,24.75,0.425227,0,24.7537,0.404397,413,1
1.45864,24.75,0.426206,0,24.7537,0.405376,414,1
1.45962,24.75,0.427186,0,24.7537,0.406356,415,1
1.46059,24.75,0.428165,0,24.7537,0.407335,416,1
1.46157,24.75,0.429144,0,24.7537,0.408314,417,1
1.46254,24.75,0.430123,0,24.7537,0.409293,418,1
1.46352,24.75,0.431102,0,24.7538,0.410272,419,1
1.46449,24.75,0.432081,0,24.7538,0.411251,420,1
1.46547,24.75,0.433061,0,24.7538,0.412231,421,1
1.46644,24.75,0.43404,0,24.7538,0.41321,422,1
1.46742,24.75,0.435019,0,24.7538,0.414189,423,1
1.46839,24.75,0.435998,0,24.7538,0.415168,424,1
1.46937,24.75,0.436977,0,24.7539,0.416147,425,1
1.47023,24.75,0.437956,0,24.7539,0.417126,426,1
1.47096,24.75,0.438936,0,24.7539,0.418106,427,1
1.47169,24.75,0.439915,0,24.7539,0.419085,428,1
1.47242,24.75,0.440894,0,24.7539,0.420064,429,1
1.47316,24.75,0.441873,0,24.7539,0.421043,430,1
1.47389,24.75,0.442852,0,24.754,0.422022,431,1
1.47462,24.75,0.443831,0,24.754,0.423001,432,1
1.47535,24.75,0.444811,0,24.754,0.423981,433,1
1.47608,24.75,0.44579,0,24.754,0.42496,434,1
1.47681,24.75,0.446769,0,24.754,0.425939,435,1
1.47754,24.75,0.447748,0,24.754,0.426918,436,1
1.47827,24.75,0.448727,0,24.7541,0.427897,437,1
1.479,24.75,0.449706,0,24.7541,0.428876,438,1
1.47974,24.75,0.450686,0,24.7541,0.429856,439,1
1.48047,24.75,0.451665,0,24.7541,0.430835,440,1
1.4812,24.75,0.452644,0,24.7541,0.431814,441,1
1.48193,24.75,0.453623,0,24.7542,0.432793,442,1
1.48266,24.75,0.454602,0,24.7542,0.433772,443,1
1.48339,24.75,0.455581,0,24.7542,0.434751,444,1
1.48412,24.75,0.456561,0,24.7542,0.435731,445,1
1.48485,24.75,0.45754,0,24.7542,0.43671,446,1
1.48554,24.75,0.458519,0,24.7542,0.437689,447,1
1.48602,24.75,0.459498,0,24.7543,0.438668,448,1
1.48651,24.75,0.460477,0,24.7543,0.439647,449,1
1.487,24.75,0.461457,0,24.7543,0.440627,450,1
1.48749,24.75,0.462436,0,24.7543,0.441606,451,1
1.48797,24.75,0.463415,0,24.7543,0.442585,452,1
1.48846,24.75,0.464394,0,24.7544,0.443564,453,1
1.48895,24.75,0.465373,0,24.7544,0.444543,454,1
1.48944,24.75,0.466352,0,24.7544,0.445522,455,1
1.48992,24.75,0.467332,0,24.7544,0.446502,456,1
1.49041,24.75,0.468311,0,24.7544,0.447481,457,1
1.4909,24.75,0.46929,0,24.7544,0.44846,458,1
1.49139,24.75,0.470269,0,24.7545,0.449439,459,1
1.49187,24.75,0.471248,0,24.7545,0.450418,460,1
1.49236,24.75,0.472227,0,24.7545,0.451397,461,1
1.49285,24.75,0.473207,0,24.7545,0.452377,462,1
1.49334,24.75,0.474186,0,24.7545,0.453356,463,1
1.49382,24.75,0.475165,0,24.7546,0.454335,464,1
1.49431,24.75,0.476144,0,24.7546,0.455314,465,1
1.4948,24.75,0.477123,0,24.7546,0.456293,466,1
1.49529,24.75,0.478102,0,24.7546,0.457272,467,1
1.49577,24.75,0.479082,0,24.7546,0.458252,468,1
1.49604,24.75,0.480061,0,24.7547,0.459231,469,1
1.49628,24.75,0.48104,0,24.7547,0.46021,470,1
1.49652,24.75,0.482019,0,24.7547,0.461189,471,1
1.49677,24.75,0.482998,0,24.7547,0.462168,472,1
1.49701,24.75,0.483977,0,24.7547,0.463147,473,1
1.49726,24.75,0.484957,0,24.7548,0.464127,474,1
1.4975,24.75,0.485936,0,24.7548,0.465106,475,1
1.49774,24.75,0.486915,0,24.7548,0.466085,476,1
1.49799,24.75,0.487894,0,24.7548,0.467064,477,1
1.49823,24.75,0.488873,0,24.7548,0.468043,478,1
1.49847,24.75,0.489852,0,24.7548,0.469022,479,1
1.49872,24.75,0.490832,0,24.7549,0.470002,480,1
1.49896,24.75,0.491811,0,24.7549,0.470981,481,1
1.49921,24.75,0.49279,0,24.7549,0.47196,482,1
1.49945,24.75,0.493769,0,24.7549,0.472939,483,1
1.49969,24.75,0.494748,0,24.7549,0.473918,484,1
1.49994,24.75,0.495727,0,24.755,0.474897,485,1
1.50018,24.75,0.496707,0,24.755,0.475877,486,1
1.50042,24.75,0.497686,0,24.755,0.476856,487,1
1.50067,24.75,0.498665,0,24.755,0.477835,488,1
1.50091,24.75,0.499644,0,24.755,0.478814,489,1
1.501,24.75,0.500623,0,24.7551,0.479793,490,1
1.501,24.75,0.501602,0,24.7551,0.480772,491,1
1.501,24.75,0.502582,0,24.7551,0.481752,492,1
1.501,24.75,0.503561,0,24.7551,0.482731,493,1
1.501,24.75,0.50454,0,24.7551,0.48371,494,1
1.501,24.75,0.505519,0,24.7552,0.484689,495,1
1.501,24.75,0.506498,0,24.7552,0.485668,496,1
1.501,24.75,0.507477,0,24.7552,0.486647,497,1
1.501,24.75,0.508457,0,24.7552,0.487627,498,1
1.501,24.75,0.509436,0,24.7552,0.488606,499,1
1.501,24.75,0.510415,0,24.7553,0.489585,500,1
1.501,24.75,0.511394,0,24.7553,0.490564,501,1
1.501,24.75,0.512373,0,24.7553,0.491543,502,1
1.501,24.75,0.513353,0,24.7553,0.492523,503,1
1.501,24.75,0.514332,0,24.7553,0.493502,504,1
1.501,24.75,0.515311,0,24.7554,0.494481,505,1
1.501,24.75,0.51629,0,24.7554,0.49546,506,1
1.501,24.75,0.517269,0,24.7554,0.496439,507,1
1.501,24.75,0.518248,0,24.7554,0.497418,508,1
1.501,24.75,0.519228,0,24.7554,0.498397,509,1
1.501,24.75,0.520207,0,24.7555,0.499377,510,1
1.50091,24.75,0.521186,0,24.7555,0.500356,511,1
1.50067,24.75,0.522165,0,24.7555,0.501335,512,1
1.50043,24.75,0.523144,0,24.7555,0.502314,513,1
1.50018,24.75,0.524123,0,24.7555,0.503293,514,1
1.49994,24.75,0.525103,0,24.7556,0.504273,515,1
1.4997,24.75,0.526082,0,24.7556,0.505252,516,1
1.49945,24.75,0.527061,0,24.7556,0.506231,517,1
1.49921,24.75,0.52804,0,24.7556,0.50721,518,1
1.49896,24.75,0.529019,0,24.7557,0.508189,519,1
1.49872,24.75,0.529998,0,24.7557,0.509168,520,1
1.49848,24.75,0.530978,0,24.7557,0.510148,521,1
1.49823,24.75,0.531957,0,24.7557,0.511127,522,1
1.49799,24.75,0.532936,0,24.7557,0.512106,523,1
1.49775,24.75,0.533915,0,24.7558,0.513085,524,1
1.4975,24.75,0.534894,0,24.7558,0.514064,525,1
1.49726,24.75,0.535873,0,24.7558,0.515043,526,1
1.49702,24.75,0.536853,0,24.7558,0.516023,527,1
1.49677,24.75,0.537832,0,24.7558,0.517002,528,1
1.49653,24.75,0.538811,0,24.7559,0.517981,529,1
1.49629,24.75,0.53979,0,24.7559,0.51896,530,1
1.49604,24.75,0.540769,0,24.7559,0.519939,531,1
1.49578,24.75,0.541748,0,24.7559,0.520918,532,1
1.49529,24.75,0.542728,0,24.7559,0.521898,533,1
1.49481,24.75,0.543707,0,24.756,0.522877,534,1
1.49432,24.75,0.544686,0,24.756,0.523856,535,1
1.49383,24.75,0.545665,0,24.756,0.524835,536,1
1.49334,24.75,0.546644,0,24.756,0.525814,537,1
1.49286,24.75,0.547623,0,24.7561,0.526793,538,1
1.49237,24.75,0.548603,0,24.7561,0.527773,539,1
1.49188,24.75,0.549582,0,24.7561,0.528752,540,1
1.49139,24.75,0.550561,0,24.7561,0.529731,541,1
1.49091,24.75,0.55154,0,24.7561,0.53071,542,1
1.49042,24.75,0.552519,0,24.7562,0.531689,543,1
1.48993,24.75,0.553499,0,24.7562,0.532669,544,1
1.48945,24.75,0.554478,0,24.7562,0.533648,545,1
1.48896,24.75,0.555457,0,24.7562,0.534627,546,1
1.48847,24.75,0.556436,0,24.7563,0.535606,547,1
1.48798,24.75,0.557415,0,24.7563,0.536585,548,1
1.4875,24.75,0.558394,0,24.7563,0.537564,549,1
1.48701,24.75,0.559373,0,24.7563,0.538544,550,1
1.48652,24.75,0.560353,0,24.7563,0.539523,551,1
1.48604,24.75,0.561332,0,24.7564,0.540502,552,1
1.48555,24.75,0.562311,0,24.7564,0.541481,553,1
1.48487,24.75,0.56329,0,24.7564,0.54246,554,1
1.48413,24.75,0.564269,0,24.7564,0.543439,555,1
1.4834,24.75,0.565249,0,24.7565,0.544419,556,1
1.48267,24.75,0.566228,0,24.7565,0.545398,557,1
1.48194,24.75,0.567207,0,24.7565,0.546377,558,1
1.48121,24.75,0.568186,0,24.7565,0.547356,559,1
1.48048,24.75,0.569165,0,24.7565,0.548335,560,1
1.47975,24.75,0.570144,0,24.7566,0.549314,561,1
1.47902,24.75,0.571124,0,24.7566,0.550294,562,1
1.47829,24.75,0.572103,0,24.7566,0.551273,563,1
1.47756,24.75,0.573082,0,24.7566,0.552252,564,1
1.47683,24.75,0.574061,0,24.7567,0.553231,565,1
1.4761,24.75,0.57504,0,24.7567,0.55421,566,1
1.47537,24.75,0.576019,0,24.7567,0.555189,567,1
1.47464,24.75,0.576999,0,24.7567,0.556169,568,1
1.47391,24.75,0.577978,0,24.7567,0.557148,569,1
1.47318,24.75,0.578957,0,24.7568,0.558127,570,1
1.47244,24.75,0.579936,0,24.7568,0.559106,571,1
1.47171,24.75,0.580915,0,24.7568,0.560085,572,1
1.47098,24.75,0.581894,0,24.7568,0.561064,573,1
1.47025,24.75,0.582874,0,24.7569,0.562044,574,1
1.46939,24.75,0.583853,0,24.7569,0.563023,575,1
1.46842,24.75,0.584832,0,24.7569,0.564002,576,1
1.46744,24.75,0.585811,0,24.7569,0.564981,577,1
1.46647,24.75,0.58679,0,24.757,0.56596,578,1
1.46549,24.75,0.587769,0,24.757,0.566939,579,1
1.46452,24.75,0.588749,0,24.757,0.567919,580,1
1.46354,24.75,0.589728,0,24.757,0.568898,581,1
1.46257,24.75,0.590707,0,24.757,0.569877,582,1
1.46159,24.75,0.591686,0,24.7571,0.570856,583,1
1.46062,24.75,0.592665,0,24.7571,0.571835,584,1
1.45964,24.75,0.593644,0,24.7571,0.572814,585,1
1.45867,24.75,0.594624,0,24.7571,0.573794,586,1
1.45769,24.75,0.595603,0,24.7572,0.574773,587,1
1.45672,24.75,0.596582,0,24.7572,0.575752,588,1
1.45574,24.75,0.597561,0,24.7572,0.576731,589,1
1.45477,24.75,0.59854,0,24.7572,0.57771,590,1
1.45379,24.75,0.599519,0,24.7573,0.57869,591,1
1.45282,24.75,0.600499,0,24.7573,0.579669,592,1
1.45184,24.75,0.601478,0,24.7573,0.580648,593,1
1.45087,24.75,0.602457,0,24.7573,0.581627,594,1
1.44989,24.75,0.603436,0,24.7574,0.582606,595,1
1.44886,24.75,0.604415,0,24.7574,0.583585,596,1
1.44764,24.75,0.605394,0,24.7574,0.584565,597,1
1.44642,24.75,0.606374,0,24.7574,0.585544,598,1
1.4452,24.75,0.607353,0,24.7575,0.586523,599,1
1.44398,24.75,0.608332,0,24.7575,0.587502,600,1
1.44276,24.75,0.609311,0,24.7575,0.588481,601,1
1.44154,24.75,0.61029,0,24.7575,0.58946,602,1
1.44032,24.75,0.61127,0,24.7575,0.59044,603,1
1.43911,24.75,0.612249,0,24.7576,0.591419,604,1
1.43789,24.75,0.613228,0,24.7576,0.592398,605,1
1.43667,24.75,0.614207,0,24.7576,0.593377,606,1
1.43545,24.75,0.615186,0,24.7576,0.594356,607,1
1.43423,24.75,0.616165,0,24.7577,0.595335,608,1
1.43301,24.75,0.617145,0,24.7577,0.596315,609,1
1.43179,24.75,0.618124,0,24.7577,0.597294,610,1
1.43057,24.75,0.619103,0,24.7577,0.598273,611,1
1.42936,24.75,0.620082,0,24.7578,0.599252,612,1
1.42814,24.75,0.621061,0,24.7578,0.600231,613,1
1.42692,24.75,0.62204,0,24.7578,0.60121,614,1
1.4257,24.75,0.62302,0,24.7578,0.60219,615,1
1.42448,24.75,0.623999,0,24.7579,0.603169,616,1
1.42326,24.75,0.624978,0,24.7579,0.604148,617,1
1.4218,24.75,0.625957,0,24.7579,0.605127,618,1
1.42034,24.75,0.626936,0,24.7579,0.606106,619,1
1.41888,24.75,0.627915,0,24.758,0.607085,620,1
1.41741,24.75,0.628895,0,24.758,0.608065,621,1
1.41595,24.75,0.629874,0,24.758,0.609044,622,1
1.41449,24.75,0.630853,0,24.758,0.610023,623,1
1.41302,24.75,0.631832,0,24.7581,0.611002,624,1
1.41156,24.75,0.632811,0,24.7581,0.611981,625,1
1.4101,24.75,0.63379,0,24.7581,0.61296,626,1
1.40863,24.75,0.63477,0,24.7581,0.61394,627,1
1.40717,24.75,0.635749,0,24.7582,0.614919,628,1
1.40571,24.75,0.636728,0,24.7582,0.615898,629,1
1.40424,24.75,0.637707,0,24.7582,0.616877,630,1
1.40278,24.75,0.638686,0,24.7582,0.617856,631,1
1.40132,24.75,0.639665,0,24.7583,0.618835,632,1
1.39985,24.75,0.640645,0,24.7583,0.619815,633,1
1.39839,24.75,0.641624,0,24.7583,0.620794,634,1
1.39693,24.75,0.642603,0,24.7583,0.621773,635,1
1.39546,24.75,0.643582,0,24.7584,0.622752,636,1
1.394,24.75,0.644561,0,24.7584,0.623731,637,1
1.39254,24.75,0.64554,0,24.7584,0.624711,638,1
1.3909,24.75,0.64652,0,24.7584,0.62569,639,1
1.38919,24.75,0.647499,0,24.7585,0.626669,640,1
1.38749,24.75,0.648478,0,24.7585,0.627648,641,1
1.38578,24.75,0.649457,0,24.7585,0.628627,642,1
1.38407,24.75,0.650436,0,24.7585,0.629606,643,1
1.38236,24.75,0.651415,0,24.7586,0.630585,644,1
1.38065,24.75,0.652395,0,24.7586,0.631565,645,1
1.37895,24.75,0.653374,0,24.7586,0.632544,646,1
1.37724,24.75,0.654353,0,24.7586,0.633523,647,1
1.37553,24.75,0.655332,0,24.7587,0.634502,648,1
1.37382,24.75,0.656311,0,24.7587,0.635481,649,1
1.37212,24.75,0.657291,0,24.7587,0.636461,650,1
1.37041,24.75,0.65827,0,24.7588,0.63744,651,1
1.3687,24.75,0.659249,0,24.7588,0.638419,652,1
1.36699,24.75,0.660228,0,24.7588,0.639398,653,1
1.36528,24.75,0.661207,0,24.7588,0.640377,654,1
1.36358,24.75,0.662186,0,24.7589,0.641356,655,1
1.36187,24.75,0.663166,0,24.7589,0.642336,656,1
1.36016,24.75,0.664145,0,24.7589,0.643315,657,1
1.35845,24.75,0.665124,0,24.7589,0.644294,658,1
1.35674,24.75,0.666103,0,24.759,0.645273,659,1
1.35493,24.75,0.667082,0,24.759,0.646252,660,1
1.35298,24.75,0.668061,0,24.759,0.647231,661,1
1.35103,24.75,0.669041,0,24.759,0.648211,662,1
1.34907,24.75,0.67002,0,24.7591,0.64919,663,1
1.34712,24.75,0.670999,0,24.7591,0.650169,664,1
1.34517,24.75,0.671978,0,24.7591,0.651148,665,1
1.34321,24.75,0.672957,0,24.7591,0.652127,666,1
1.34126,24.75,0.673936,0,24.7592,0.653106,667,1
1.33931,24.75,0.674916,0,24.7592,0.654086,668,1
1.33736,24.75,0.675895,0,24.7592,0.655065,669,1
1.3354,24.75,0.676874,0,24.7593,0.656044,670,1
1.33345,24.75,0.677853,0,24.7593,0.657023,671,1
1.3315,24.75,0.678832,0,24.7593,0.658002,672,1
1.32954,24.75,0.679811,0,24.7593,0.658981,673,1
1.32759,24.75,0.680791,0,24.7594,0.659961,674,1
1.32564,24.75,0.68177,0,24.7594,0.66094,675,1
1.32369,24.75,0.682749,0,24.7594,0.661919,676,1
1.32173,24.75,0.683728,0,24.7594,0.662898,677,1
1.31978,24.75,0.684707,0,24.7595,0.663877,678,1
1.31783,24.75,0.685686,0,24.7595,0.664856,679,1
1.31587,24.75,0.686666,0,24.7595,0.665836,680,1
1.31388,24.75,0.687645,0,24.7596,0.666815,681,1
1.31169,24.75,0.688624,0,24.7596,0.667794,682,1
1.30949,24.75,0.689603,0,24.7596,0.668773,683,1
1.30729,24.75,0.690582,0,24.7596,0.669752,684,1
1.30509,24.75,0.691561,0,24.7597,0.670731,685,1
1.30289,24.75,0.692541,0,24.7597,0.671711,686,1
1.3007,24.75,0.69352,0,24.7597,0.67269,687,1
1.2985,24.75,0.694499,0,24.7597,0.673669,688,1
1.2963,24.75,0.695478,0,24.7598,0.674648,689,1
1.2941,24.75,0.696457,0,24.7598,0.675627,690,1
1.29191,24.75,0.697436,0,24.7598,0.676606,691,1
1.28971,24.75,0.698416,0,24.7599,0.677586,692,1
1.28751,24.75,0.699395,0,24.7599,0.678565,693,1
1.28531,24.75,0.700374,0,24.7599,0.679544,694,1
1.28311,24.75,0.701353,0,24.7599,0.680523,695,1
1.28092,24.75,0.702332,0,24.76,0.681502,696,1
1.27872,24.75,0.703312,0,24.76,0.682482,697,1
1.27652,24.75,0.704291,0,24.76,0.683461,698,1
1.27432,24.75,0.70527,0,24.76,0.68444,699,1
1.27212,24.75,0.706249,0,24.7601,0.685419,700,1
1.26993,24.75,0.707228,0,24.7601,0.686398,701,1
1.26773,24.75,0.708207,0,24.7601,0.687377,702,1
1.26532,24.75,0.709186,0,24.7602,0.688357,703,1
1.26287,24.75,0.710166,0,24.7602,0.689336,704,1
1.26043,24.75,0.711145,0,24.7602,0.690315,705,1
1.25798,24.75,0.712124,0,24.7602,0.691294,706,1
1.25554,24.75,0.713103,0,24.7603,0.692273,707,1
1.2531,24.75,0.714082,0,24.7603,0.693252,708,1
1.25065,24.75,0.715062,0,24.7603,0.694232,709,1
1.24821,24.75,0.716041,0,24.7604,0.695211,710,1
1.24577,24.75,0.71702,0,24.7604,0.69619,711,1
1.24332,24.75,0.717999,0,24.7604,0.697169,712,1
1.24088,24.75,0.718978,0,24.7604,0.698148,713,1
1.23844,24.75,0.719957,0,24.7605,0.699127,714,1
1.23599,24.75,0.720937,0,24.7605,0.700107,715,1
1.23355,24.75,0.721916,0,24.7605,0.701086,716,1
1.23111,24.75,0.722895,0,24.7606,0.702065,717,1
1.22866,24.75,0.723874,0,24.7606,0.703044,718,1
1.22622,24.75,0.724853,0,24.7606,0.704023,719,1
1.22378,24.75,0.725832,0,24.7606,0.705002,720,1
1.22133,24.75,0.726812,0,24.7607,0.705982,721,1
1.21889,24.75,0.727791,0,24.7607,0.706961,722,1
1.21645,24.75,0.72877,0,24.7607,0.70794,723,1
1.21386,24.75,0.729749,0,24.7608,0.708919,724,1
1.21117,24.75,0.730728,0,24.7608,0.709898,725,1
1.20848,24.75,0.731707,0,24.7608,0.710877,726,1
1.20579,24.75,0.732687,0,24.7608,0.711857,727,1
1.2031,24.75,0.733666,0,24.7609,0.712836,728,1
1.20041,24.75,0.734645,0,24.7609,0.713815,729,1
1.19772,24.75,0.735624,0,24.7609,0.714794,730,1
1.19503,24.75,0.736603,0,24.761,0.715773,731,1
1.19234,24.75,0.737582,0,24.761,0.716752,732,1
1.18965,24.75,0.738562,0,24.761,0.717732,733,1
1.18696,24.75,0.739541,0,24.761,0.718711,734,1
1.18427,24.75,0.74052,0,24.7611,0.71969,735,1
1.18158,24.75,0.741499,0,24.7611,0.720669,736,1
1.17889,24.75,0.742478,0,24.7611,0.721648,737,1
1.1762,24.75,0.743457,0,24.7612,0.722627,738,1
1.17352,24.75,0.744437,0,24.7612,0.723607,739,1
1.17083,24.75,0.745416,0,24.7612,0.724586,740,1
1.16814,24.75,0.746395,0,24.7613,0.725565,741,1
1.16545,24.75,0.747374,0,24.7613,0.726544,742,1
1.16276,24.75,0.748353,0,24.7613,0.727523,743,1
1.16007,24.75,0.749332,0,24.7613,0.728503,744,1
1.1573,24.75,0.750312,0,24.7614,0.729482,745,1
1.15437,24.75,0.751291,0,24.7614,0.730461,746,1
1.15143,24.75,0.75227,0,24.7614,0.73144,747,1
1.1485,24.75,0.753249,0,24.7615,0.732419,748,1
1.14556,24.75,0.754228,0,24.7615,0.733398,749,1
1.14263,24.75,0.755207,0,24.7615,0.734378,750,1
1.13969,24.75,0.756187,0,24.7615,0.735357,751,1
1.13676,24.75,0.757166,0,24.7616,0.736336,752,1
1.13382,24.75,0.758145,0,24.7616,0.737315,753,1
1.13089,24.75,0.759124,0,24.7616,0.738294,754,1
1.12795,24.75,0.760103,0,24.7617,0.739273,755,1
1.12502,24.75,0.761083,0,24.7617,0.740253,756,1
1.12208,24.75,0.762062,0,24.7617,0.741232,757,1
1.11915,24.75,0.763041,0,24.7618,0.742211,758,1
1.11621,24.75,0.76402,0,24.7618,0.74319,759,1
1.11328,24.75,0.764999,0,24.7618,0.744169,760,1
1.11034,24.75,0.765978,0,24.7619,0.745148,761,1
1.10741,24.75,0.766958,0,24.7619,0.746128,762,1
1.10447,24.75,0.767937,0,24.7619,0.747107,763,1
1.10154,24.75,0.768916,0,24.7619,0.748086,764,1
1.0986,24.75,0.769895,0,24.762,0.749065,765,1
1.09566,24.75,0.770874,0,24.762,0.750044,766,1
1.09248,24.75,0.771853,0,24.762,0.751023,767,1
1.08929,24.75,0.772833,0,24.7621,0.752003,768,1
1.08611,24.75,0.773812,0,24.7621,0.752982,769,1
1.08293,24.75,0.774791,0,24.7621,0.753961,770,1
1.07975,24.75,0.77577,0,24.7622,0.75494,771,1
1.07657,24.75,0.776749,0,24.7622,0.755919,772,1
1.07339,24.75,0.777728,0,24.7622,0.756898,773,1
1.07021,24.75,0.778708,0,24.7622,0.757878,774,1
1.06703,24.75,0.779687,0,24.7623,0.758857,775,1
1.06385,24.75,0.780666,0,24.7623,0.759836,776,1
1.06066,24.75,0.781645,0,24.7623,0.760815,777,1
1.05748,24.75,0.782624,0,24.7624,0.761794,778,1
1.0543,24.75,0.783603,0,24.7624,0.762773,779,1
1.05112,24.75,0.784583,0,24.7624,0.763753,780,1
1.04794,24.75,0.785562,0,24.7625,0.764732,781,1
1.04476,24.75,0.786541,0,24.7625,0.765711,782,1
1.04158,24.75,0.78752,0,24.7625,0.76669,783,1
1.0384,24.75,0.788499,0,24.7626,0.767669,784,1
1.03522,24.75,0.789478,0,24.7626,0.768648,785,1
1.03203,24.75,0.790458,0,24.7626,0.769628,786,1
1.02885,24.75,0.791437,0,24.7627,0.770607,787,1
1.02548,24.75,0.792416,0,24.7627,0.771586,788,1
1.02206,24.75,0.793395,0,24.7627,0.772565,789,1
1.01863,24.75,0.794374,0,24.7627,0.773544,790,1
1.0152,24.75,0.795353,0,24.7628,0.774523,791,1
1.01177,24.75,0.796333,0,24.7628,0.775503,792,1
1.00834,24.75,0.797312,0,24.7628,0.776482,793,1
1.00492,24.75,0.798291,0,24.7629,0.777461,794,1
1.00149,24.75,0.79927,0,24.7629,0.77844,795,1
0.998061,24.75,0.800249,0,24.7629,0.779419,796,1
0.994633,24.75,0.801228,0,24.763,0.780398,797,1
0.991205,24.75,0.802208,0,24.763,0.781378,798,1
0.987777,24.75,0.803187,0,24.763,0.782357,799,1
0.984349,24.75,0.804166,0,24.7631,0.783336,800,1
0.980922,24.75,0.805145,0,24.7631,0.784315,801,1
0.977494,24.75,0.806124,0,24.7631,0.785294,802,1
0.974066,24.75,0.807104,0,24.7632,0.786274,803,1
0.970638,24.75,0.808083,0,24.7632,0.787253,804,1
0.967211,24.75,0.809062,0,24.7632,0.788232,805,1
0.963783,24.75,0.810041,0,24.7633,0.789211,806,1
0.960355,24.75,0.81102,0,24.7633,0.79019,807,1
0.956927,24.75,0.811999,0,24.7633,0.791169,808,1
0.953379,24.75,0.812979,0,24.7633,0.792149,809,1
0.949705,24.75,0.813958,0,24.7634,0.793128,810,1
0.946031,24.75,0.814937,0,24.7634,0.794107,811,1
0.942357,24.75,0.815916,0,24.7634,0.795086,812,1
0.938683,24.75,0.816895,0,24.7635,0.796065,813,1
0.935009,24.75,0.817874,0,24.7635,0.797044,814,1
0.931335,24.75,0.818854,0,24.7635,0.798024,815,1
0.927661,24.75,0.819833,0,24.7636,0.799003,816,1
0.923987,24.75,0.820812,0,24.7636,0.799982,817,1
0.920313,24.75,0.821791,0,24.7636,0.800961,818,1
0.916639,24.75,0.82277,0,24.7637,0.80194,819,1
0.912965,24.75,0.823749,0,24.7637,0.802919,820,1
0.909291,24.75,0.824729,0,24.7637,0.803899,821,1
0.905617,24.75,0.825708,0,24.7638,0.804878,822,1
0.901943,24.75,0.826687,0,24.7638,0.805857,823,1
0.898269,24.75,0.827666,0,24.7638,0.806836,824,1
0.894595,24.75,0.828645,0,24.7639,0.807815,825,1
0.890921,24.75,0.829624,0,24.7639,0.808794,826,1
0.887247,24.75,0.830604,0,24.7639,0.809774,827,1
0.883573,24.75,0.831583,0,24.764,0.810753,828,1
0.879899,24.75,0.832562,0,24.764,0.811732,829,1
0.876173,24.75,0.833541,0,24.764,0.812711,830,1
0.872252,24.75,0.83452,0,24.7641,0.81369,831,1
0.868332,24.75,0.835499,0,24.7641,0.814669,832,1
0.864412,24.75,0.836479,0,24.7641,0.815649,833,1
0.860491,24.75,0.837458,0,24.7642,0.816628,834,1
0.856571,24.75,0.838437,0,24.7642,0.817607,835,1
0.852651,24.75,0.839416,0,24.7642,0.818586,836,1
0.84873,24.75,0.840395,0,24.7643,0.819565,837,1
0.84481,24.75,0.841374,0,24.7643,0.820544,838,1
0.840889,24.75,0.842354,0,24.7643,0.821524,839,1
0.836969,24.75,0.843333,0,24.7644,0.822503,840,1
0.833049,24.75,0.844312,0,24.7644,0.823482,841,1
0.829128,24.75,0.845291,0,24.7644,0.824461,842,1
0.825208,24.75,0.84627,0,24.7645,0.82544,843,1
0.821288,24.75,0.84725,0,24.7645,0.82642,844,1
0.817367,24.75,0.848229,0,24.7645,0.827399,845,1
0.813447,24.75,0.849208,0,24.7646,0.828378,846,1
0.809526,24.75,0.850187,0,24.7646,0.829357,847,1
0.805606,24.75,0.851166,0,24.7646,0.830336,848,1
0.801686,24.75,0.852145,0,24.7647,0.831315,849,1
0.797765,24.75,0.853124,0,24.7647,0.832295,850,1
0.793845,24.75,0.854104,0,24.7647,0.833274,851,1
0.789694,24.75,0.855083,0,24.7648,0.834253,852,1
0.785527,24.75,0.856062,0,24.7648,0.835232,853,1
0.781359,24.75,0.857041,0,24.7648,0.836211,854,1
0.777192,24.75,0.85802,0,24.7649,0.83719,855,1
0.773025,24.75,0.858999,0,24.7649,0.83817,856,1
0.768858,24.75,0.859979,0,24.7649,0.839149,857,1
0.764691,24.75,0.860958,0,24.765,0.840128,858,1
0.760523,24.75,0.861937,0,24.765,0.841107,859,1
0.756356,24.75,0.862916,0,24.765,0.842086,860,1
0.752189,24.75,0.863895,0,24.7651,0.843065,861,1
0.748022,24.75,0.864875,0,24.7651,0.844045,862,1
0.743855,24.75,0.865854,0,24.7651,0.845024,863,1
0.739688,24.75,0.866833,0,24.7652,0.846003,864,1
0.73552,24.75,0.867812,0,24.7652,0.846982,865,1
0.731353,24.75,0.868791,0,24.7652,0.847961,866,1
0.727186,24.75,0.86977,0,24.7653,0.84894,867,1
0.723019,24.75,0.87075,0,24.7653,0.84992,868,1
0.718852,24.75,0.871729,0,24.7653,0.850899,869,1
0.714684,24.75,0.872708,0,24.7654,0.851878,870,1
0.710517,24.75,0.873687,0,24.7654,0.852857,871,1
0.70635,24.75,0.874666,0,24.7655,0.853836,872,1
0.70202,24.75,0.875645,0,24.7655,0.854815,873,1
0.697606,24.75,0.876625,0,24.7655,0.855795,874,1
0.693192,24.75,0.877604,0,24.7656,0.856774,875,1
0.688779,24.75,0.878583,0,24.7656,0.857753,876,1
0.684365,24.75,0.879562,0,24.7656,0.858732,877,1
0.679951,24.75,0.880541,0,24.7657,0.859711,878,1
0.675537,24.75,0.88152,0,24.7657,0.86069,879,1
0.671123,24.75,0.8825,0,24.7657,0.86167,880,1
0.666709,24.75,0.883479,0,24.7658,0.862649,881,1
0.662295,24.75,0.884458,0,24.7658,0.863628,882,1
0.657882,24.75,0.885437,0,24.7658,0.864607,883,1
0.653468,24.75,0.886416,0,24.7659,0.865586,884,1
0.649054,24.75,0.887395,0,24.7659,0.866565,885,1
0.64464,24.75,0.888375,0,24.7659,0.867545,886,1
0.640226,24.75,0.889354,0,24.766,0.868524,887,1
0.635812,24.75,0.890333,0,24.766,0.869503,888,1
0.631399,24.75,0.891312,0,24.766,0.870482,889,1
0.626985,24.75,0.892291,0,24.7661,0.871461,890,1
0.622571,24.75,0.89327,0,24.7661,0.872441,891,1
0.618157,24.75,0.89425,0,24.7661,0.87342,892,1
0.613743,24.75,0.895229,0,24.7662,0.874399,893,1
0.609235,24.75,0.896208,0,24.7662,0.875378,894,1
0.604574,24.75,0.897187,0,24.7663,0.876357,895,1
0.599914,24.75,0.898166,0,24.7663,0.877336,896,1
0.595254,24.75,0.899145,0,24.7663,0.878316,897,1
0.590593,24.75,0.900125,0,24.7664,0.879295,898,1
0.585933,24.75,0.901104,0,24.7664,0.880274,899,1
0.581273,24.75,0.902083,0,24.7664,0.881253,900,1
0.576612,24.75,0.903062,0,24.7665,0.882232,901,1
0.571952,24.75,0.904041,0,24.7665,0.883211,902,1
0.567291,24.75,0.905021,0,24.7665,0.884191,903,1
0.562631,24.75,0.906,0,24.7666,0.88517,904,1
0.557971,24.75,0.906979,0,24.7666,0.886149,905,1
0.55331,24.75,0.907958,0,24.7666,0.887128,906,1
0.54865,24.75,0.908937,0,24.7667,0.888107,907,1
0.54399,24.75,0.909916,0,24.7667,0.889086,908,1
0.539329,24.75,0.910896,0,24.7668,0.890066,909,1
0.534669,24.75,0.911875,0,24.7668,0.891045,910,1
0.530008,24.75,0.912854,0,24.7668,0.892024,911,1
0.525348,24.75,0.913833,0,24.7669,0.893003,912,1
0.520688,24.75,0.914812,0,24.7669,0.893982,913,1
0.516027,24.75,0.915791,0,24.7669,0.894961,914,1
0.511341,24.75,0.916771,0,24.767,0.895941,915,1
0.506434,24.75,0.91775,0,24.767,0.89692,916,1
0.501526,24.75,0.918729,0,24.767,0.897899,917,1
0.496619,24.75,0.919708,0,24.7671,0.898878,918,1
0.491711,24.75,0.920687,0,24.7671,0.899857,919,1
0.486804,24.75,0.921666,0,24.7672,0.900836,920,1
0.481897,24.75,0.922646,0,24.7672,0.901816,921,1
0.476989,24.75,0.923625,0,24.7672,0.902795,922,1
0.472082,24.75,0.924604,0,24.7673,0.903774,923,1
0.467175,24.75,0.925583,0,24.7673,0.904753,924,1
0.462267,24.75,0.926562,0,24.7673,0.905732,925,1
0.45736,24.75,0.927541,0,24.7674,0.906711,926,1
0.452452,24.75,0.928521,0,24.7674,0.907691,927,1
0.447545,24.75,0.9295,0,24.7674,0.90867,928,1
0.442638,24.75,0.930479,0,24.7675,0.909649,929,1
0.43773,24.75,0.931458,0,24.7675,0.910628,930,1
0.432823,24.75,0.932437,0,24.7676,0.911607,931,1
0.427915,24.75,0.933416,0,24.7676,0.912586,932,1
0.423008,24.75,0.934396,0,24.7676,0.913566,933,1
0.418101,24.75,0.935375,0,24.7677,0.914545,934,1
0.413193,24.75,0.936354,0,24.7677,0.915524,935,1
0.408286,24.75,0.937333,0,24.7677,0.916503,936,1
0.403174,24.75,0.938312,0,24.7678,0.917482,937,1
0.398019,24.75,0.939291,0,24.7678,0.918462,938,1
0.392866,24.75,0.940271,0,24.7679,0.919441,939,1
0.387711,24.75,0.94125,0,24.7679,0.92042,940,1
0.382557,24.75,0.942229,0,24.7679,0.921399,941,1
0.377403,24.75,0.943208,0,24.768,0.922378,942,1
0.372249,24.75,0.944187,0,24.768,0.923357,943,1
0.367094,24.75,0.945166,0,24.768,0.924336,944,1
0.36194,24.75,0.946146,0,24.7681,0.925316,945,1
0.356786,24.75,0.947125,0,24.7681,0.926295,946,1
0.351632,24.75,0.948104,0,24.7682,0.927274,947,1
0.346478,24.75,0.949083,0,24.7682,0.928253,948,1
0.341323,24.75,0.950062,0,24.7682,0.929232,949,1
0.336169,24.75,0.951042,0,24.7683,0.930212,950,1
0.331015,24.75,0.952021,0,24.7683,0.931191,951,1
0.325861,24.75,0.953,0,24.7683,0.93217,952,1
0.320707,24.75,0.953979,0,24.7684,0.933149,953,1
0.315552,24.75,0.954958,0,24.7684,0.934128,954,1
0.310399,24.75,0.955937,0,24.7685,0.935107,955,1
0.305244,24.75,0.956917,0,24.7685,0.936087,956,1
0.30009,24.75,0.957896,0,24.7685,0.937066,957,1
0.294799,24.75,0.958875,0,24.7686,0.938045,958,1
0.289399,24.75,0.959854,0,24.7686,0.939024,959,1
0.283998,24.75,0.960833,0,24.7686,0.940003,960,1
0.278597,24.75,0.961812,0,24.7687,0.940982,961,1
0.273196,24.75,0.962792,0,24.7687,0.941962,962,1
0.267796,24.75,0.963771,0,24.7688,0.942941,963,1
0.262395,24.75,0.96475,0,24.7688,0.94392,964,1
0.256994,24.75,0.965729,0,24.7688,0.944899,965,1
0.251593,24.75,0.966708,0,24.7689,0.945878,966,1
0.246193,24.75,0.967687,0,24.7689,0.946857,967,1
0.240792,24.75,0.968667,0,24.7689,0.947837,968,1
0.235391,24.75,0.969646,0,24.769,0.948816,969,1
0.22999,24.75,0.970625,0,24.769,0.949795,970,1
0.22459,24.75,0.971604,0,24.7691,0.950774,971,1
0.219189,24.75,0.972583,0,24.7691,0.951753,972,1
0.213788,24.75,0.973562,0,24.7691,0.952732,973,1
0.208387,24.75,0.974542,0,24.7692,0.953712,974,1
0.202986,24.75,0.975521,0,24.7692,0.954691,975,1
0.197586,24.75,0.9765,0,24.7693,0.95567,976,1
0.192185,24.75,0.977479,0,24.7693,0.956649,977,1
0.186784,24.75,0.978458,0,24.7693,0.957628,978,1
0.181315,24.75,0.979437,0,24.7694,0.958607,979,1
0.175667,24.75,0.980417,0,24.7694,0.959587,980,1
0.170019,24.75,0.981396,0,24.7694,0.960566,981,1
0.164371,24.75,0.982375,0,24.7695,0.961545,982,1
0.158724,24.75,0.983354,0,24.7695,0.962524,983,1
0.153076,24.75,0.984333,0,24.7696,0.963503,984,1
0.147428,24.75,0.985312,0,24.7696,0.964482,985,1
0.14178,24.75,0.986292,0,24.7696,0.965462,986,1
0.136132,24.75,0.987271,0,24.7697,0.966441,987,1
0.130484,24.75,0.98825,0,24.7697,0.96742,988,1
0.124836,24.75,0.989229,0,24.7698,0.968399,989,1
0.119188,24.75,0.990208,0,24.7698,0.969378,990,1
0.113541,24.75,0.991187,0,24.7698,0.970357,991,1
0.107893,24.75,0.992167,0,24.7699,0.971337,992,1
0.102245,24.75,0.993146,0,24.7699,0.972316,993,1
0.0965967,24.75,0.994125,0,24.77,0.973295,994,1
0.0909491,24.75,0.995104,0,24.77,0.974274,995,1
0.0853012,24.75,0.996083,0,24.77,0.975253,996,1
0.0796532,24.75,0.997063,0,24.7701,0.976233,997,1
0.0740052,24.75,0.998042,0,24.7701,0.977212,998,1
0.0683576,24.75,0.999021,0,24.7702,0.978191,999,1
0.0627097,24.75,1,0,24.7702,0.97917,1000,1
